{
  "types": [
    "excavated_variants:overworld"
  ],
  "translations": {
    "en_us": "Jade Ore"
  },
  "blocks": {
    "sullysmod:deepslate_jade_ore": "excavated_variants:minecraft/deepslate",
    "sullysmod:jade_ore": {
      "stone": "excavated_variants:minecraft/stone",
      "generating": true
    },
    "spelunkery:granite_jade_ore": {
      "stone": "excavated_variants:minecraft/granite",
      "required_mods": ["spelunkery", "sullysmod"]
    },
    "spelunkery:diorite_jade_ore": {
      "stone": "excavated_variants:minecraft/diorite",
      "required_mods": ["spelunkery", "sullysmod"]
    },
    "spelunkery:andesite_jade_ore": {
      "stone": "excavated_variants:minecraft/andesite",
      "required_mods": ["spelunkery", "sullysmod"]
    },
    "spelunkery:tuff_jade_ore": {
      "stone": "excavated_variants:minecraft/tuff",
      "required_mods": ["spelunkery", "sullysmod"]
    }
  },
  "tags": [
    "c:ores/jade"
  ]
}