{
  "types": [
    "excavated_variants:overworld"
  ],
  "translations": {
    "en_us": "Silver Ore"
  },
  "blocks": {
    "oreganized:silver_ore": {
      "stone": "excavated_variants:minecraft/stone",
      "generating": true
    },
    "oreganized:deepslate_silver_ore": {
      "stone": "excavated_variants:minecraft/deepslate",
      "generating": true
    },
    "spelunkery:granite_silver_ore": {
      "stone": "excavated_variants:minecraft/granite",
      "required_mods": ["spelunkery", "oreganized"]
    },
    "spelunkery:diorite_silver_ore": {
      "stone": "excavated_variants:minecraft/diorite",
      "required_mods": ["spelunkery", "oreganized"]
    },
    "spelunkery:andesite_silver_ore": {
      "stone": "excavated_variants:minecraft/andesite",
      "required_mods": ["spelunkery", "oreganized"]
    },
    "spelunkery:tuff_silver_ore": {
      "stone": "excavated_variants:minecraft/tuff",
      "required_mods": ["spelunkery", "oreganized"]
    }
  },
  "tags": [
    "c:ores/silver"
  ]
}