{
  "types": [
    "excavated_variants:overworld"
  ],
  "translations": {
    "en_us": "Diamond Ore"
  },
  "blocks": {
    "minecraft:diamond_ore": {
      "stone": "excavated_variants:minecraft/stone",
      "generating": true
    },
    "minecraft:deepslate_diamond_ore": "excavated_variants:minecraft/deepslate",
    "darkerdepths:limestone_diamond_ore": "excavated_variants:darkerdepths/limestone",
    "darkerdepths:aridrock_diamond_ore": "excavated_variants:darkerdepths/aridrock",
    "unearthed:white_granite_diamond_ore": "excavated_variants:unearthed/white_granite",
    "unearthed:beige_limestone_diamond_ore": "excavated_variants:unearthed/beige_limestone",
    "unearthed:mudstone_diamond_ore": "excavated_variants:unearthed/mudstone",
    "unearthed:conglomerate_diamond_ore": "excavated_variants:unearthed/conglomerate",
    "unearthed:granodiorite_diamond_ore": "excavated_variants:unearthed/granodiorite",
    "unearthed:sandstone_diamond_ore": "excavated_variants:minecraft/sandstone",
    "unearthed:slate_diamond_ore": "excavated_variants:unearthed/slate",
    "unearthed:phyllite_diamond_ore": "excavated_variants:unearthed/phyllite",
    "unearthed:siltstone_diamond_ore": "excavated_variants:unearthed/siltstone",
    "unearthed:grey_limestone_diamond_ore": "excavated_variants:unearthed/grey_limestone",
    "unearthed:gabbro_diamond_ore": "excavated_variants:unearthed/gabbro",
    "unearthed:rhyolite_diamond_ore": "excavated_variants:unearthed/rhyolite",
    "unearthed:limestone_diamond_ore": "excavated_variants:unearthed/limestone",
    "universal_ores:andesite_diamond_ore": "excavated_variants:minecraft/andesite",
    "universal_ores:diorite_diamond_ore": "excavated_variants:minecraft/diorite",
    "universal_ores:calcite_diamond_ore": "excavated_variants:minecraft/calcite",
    "universal_ores:tuff_diamond_ore": "excavated_variants:minecraft/tuff",
    "universal_ores:granite_diamond_ore": "excavated_variants:minecraft/granite",
    "spelunkery:granite_diamond_ore": "excavated_variants:minecraft/granite",
    "spelunkery:diorite_diamond_ore": "excavated_variants:minecraft/diorite",
    "spelunkery:andesite_diamond_ore": "excavated_variants:minecraft/andesite",
    "spelunkery:tuff_diamond_ore": "excavated_variants:minecraft/tuff",
    "spelunkery:smooth_basalt_diamond_ore": "excavated_variants:minecraft/smooth_basalt"
  },
  "tags": [
    "c:ores/diamond",
    "minecraft:diamond_ores"
  ]
}