{
  "types": [
    "excavated_variants:nether"
  ],
  "translations": {
    "en_us": "Quartz Ore"
  },
  "blocks": {
    "minecraft:nether_quartz_ore": {
      "stone": "excavated_variants:minecraft/netherrack",
      "generating": true
    },
    "byg:brimstone_nether_quartz_ore": "excavated_variants:byg/brimstone",
    "byg:blue_nether_quartz_ore": "excavated_variants:byg/blue_netherrack",
    "universal_ores:blackstone_quartz_ore": "excavated_variants:minecraft/blackstone",
    "universal_ores:basalt_quartz_ore": "excavated_variants:minecraft/basalt"
  },
  "tags": [
    "c:ores/quartz"
  ]
}