{
  "types": [
    "excavated_variants:overworld"
  ],
  "translations": {
    "en_us": "Zinc Ore"
  },
  "blocks": {
    "create:zinc_ore": {
      "stone": "excavated_variants:minecraft/stone",
      "generating": true
    },
    "create:deepslate_zinc_ore": "excavated_variants:minecraft/deepslate",
    "spelunkery:granite_zinc_ore": {
      "stone": "excavated_variants:minecraft/granite",
      "required_mods": ["spelunkery", "create"]
    },
    "spelunkery:diorite_zinc_ore": {
      "stone": "excavated_variants:minecraft/diorite",
      "required_mods": ["spelunkery", "create"]
    },
    "spelunkery:andesite_zinc_ore": {
      "stone": "excavated_variants:minecraft/andesite",
      "required_mods": ["spelunkery", "create"]
    },
    "spelunkery:tuff_zinc_ore": {
      "stone": "excavated_variants:minecraft/tuff",
      "required_mods": ["spelunkery", "create"]
    }
  },
  "tags": [
    "c:ores/zinc"
  ]
}
